energy_uj,cpu,commit_hash,repo,branch,workflow,run_id,label,source,cpu_util_avg,duration_us,workflow_name,filter_type,filter_project,filter_machine,filter_tags,lat,lon,city,ip,carbon_intensity_g,carbon_ug,start_time,min_carbon_intensity_g,min_carbon_intensity_time
65655300,EPYC_7763,95a16975bee025a833ff397f32f4d343b3cc47b4,DaxLynch/cve-bin-tool,main,138804495,13448553823,Run gitlint,github,32.6347,15981071,Linting,machine.ci,CI/CD,ubuntu-latest,[],38.7095,-78.1539,Washington,20.55.86.200,506.0,37780,2025-02-21 02:07:56+00:00,463.0,16.0
76637800,EPYC_7763,95a16975bee025a833ff397f32f4d343b3cc47b4,DaxLynch/cve-bin-tool,main,138804487,13448555038,build pip wheel checkout,github,29.7556,19041195,Build pip wheel with Energy Measurement,machine.ci,CI/CD,ubuntu-latest,[],41.8835,-87.6305,Chicago,20.25.192.70,506.0,44210,2025-02-21 02:08:00+00:00,463.0,16.0
112414000,EPYC_7763,95a16975bee025a833ff397f32f4d343b3cc47b4,DaxLynch/cve-bin-tool,main,138804495,13448553823,Run gitlint,github,41.1922,23592845,Linting,machine.ci,CI/CD,ubuntu-latest,[],38.7095,-78.1539,Washington,20.55.47.160,506.0,63612,2025-02-21 02:07:56+00:00,463.0,16.0
116013000,EPYC_7763,95a16975bee025a833ff397f32f4d343b3cc47b4,DaxLynch/cve-bin-tool,main,138804495,13448553823,Run gitlint,github,36.552,25579514,Linting,machine.ci,CI/CD,ubuntu-latest,[],38.7095,-78.1539,Washington,74.235.134.186,506.0,66000,2025-02-21 02:07:57+00:00,463.0,16.0
116888000,EPYC_7763,95a16975bee025a833ff397f32f4d343b3cc47b4,DaxLynch/cve-bin-tool,main,138804495,13448553823,Run gitlint,github,37.2292,26358288,Linting,machine.ci,CI/CD,ubuntu-latest,[],38.7095,-78.1539,Washington,20.42.12.202,506.0,66666,2025-02-21 02:07:56+00:00,463.0,16.0
120497000,EPYC_7763,95a16975bee025a833ff397f32f4d343b3cc47b4,DaxLynch/cve-bin-tool,main,138804495,13448553823,Run gitlint,github,39.5436,26017353,Linting,machine.ci,CI/CD,ubuntu-latest,[],38.7095,-78.1539,Washington,172.214.45.226,506.0,68395,2025-02-21 02:07:58+00:00,463.0,16.0
115125000,EPYC_7763,95a16975bee025a833ff397f32f4d343b3cc47b4,DaxLynch/cve-bin-tool,main,138804495,13448553823,Run gitlint,github,35.4272,26160333,Linting,machine.ci,CI/CD,ubuntu-latest,[],41.8835,-87.6305,Chicago,172.214.175.245,506.0,65717,2025-02-21 02:07:58+00:00,463.0,16.0
105586000,EPYC_7763,95a16975bee025a833ff397f32f4d343b3cc47b4,DaxLynch/cve-bin-tool,main,138804499,13448552807,build docs,github,24.0204,26554310,Testing,machine.ci,CI/CD,ubuntu-latest,[],33.4532,-112.0748,Phoenix,20.169.14.37,259.0,34921,2025-02-21 02:08:03+00:00,147.0,19.0
140022000,EPYC_7763,95a16975bee025a833ff397f32f4d343b3cc47b4,DaxLynch/cve-bin-tool,main,138804495,13448553823,Run gitlint,github,29.7888,32840940,Linting,machine.ci,CI/CD,ubuntu-latest,[],33.4532,-112.0748,Phoenix,20.169.14.178,259.0,45635,2025-02-21 02:07:59+00:00,147.0,19.0
149608000,EPYC_7763,95a16975bee025a833ff397f32f4d343b3cc47b4,DaxLynch/cve-bin-tool,main,138804495,13448553823,Run gitlint,github,32.5467,33909612,Linting,machine.ci,CI/CD,ubuntu-latest,[],33.4532,-112.0748,Phoenix,20.172.29.35,259.0,48423,2025-02-21 02:08:00+00:00,147.0,19.0
537326000,EPYC_7763,95a16975bee025a833ff397f32f4d343b3cc47b4,DaxLynch/cve-bin-tool,main,138804499,13448552807,Linux may fail measurement,github,34.53,121102503,Testing,machine.ci,CI/CD,ubuntu-latest,[],37.3388,-121.8916,San Jose,52.234.41.115,230.0,158136,2025-02-21 02:08:06+00:00,68.0,16.0
1236360000,EPYC_7763,95a16975bee025a833ff397f32f4d343b3cc47b4,DaxLynch/cve-bin-tool,main,138804499,13448552807,Synchronous tests measurement,github,46.0158,243587432,Testing,machine.ci,CI/CD,ubuntu-latest,[],41.8835,-87.6305,Chicago,172.183.159.69,506.0,695097,2025-02-21 02:08:02+00:00,463.0,16.0
1376170000,EPYC_7763,95a16975bee025a833ff397f32f4d343b3cc47b4,DaxLynch/cve-bin-tool,main,138804499,13448552807,Synchronous tests measurement,github,52.6562,254541524,Testing,machine.ci,CI/CD,ubuntu-latest,[],38.7095,-78.1539,Washington,20.55.86.199,506.0,768965,2025-02-21 02:08:02+00:00,463.0,16.0
1483940000,EPYC_7763,95a16975bee025a833ff397f32f4d343b3cc47b4,DaxLynch/cve-bin-tool,main,138804499,13448552807,Synchronous tests measurement,github,49.9585,280623716,Testing,machine.ci,CI/CD,ubuntu-latest,[],37.3388,-121.8916,San Jose,52.160.161.178,230.0,421370,2025-02-21 02:08:05+00:00,68.0,16.0
1690890000,EPYC_7763,95a16975bee025a833ff397f32f4d343b3cc47b4,DaxLynch/cve-bin-tool,main,138804499,13448552807,Synchronous tests measurement,github,46.0069,334069122,Testing,machine.ci,CI/CD,ubuntu-latest,[],38.7095,-78.1539,Washington,20.55.86.206,506.0,950905,2025-02-21 02:08:03+00:00,463.0,16.0
3485660000,EPYC_7763,95a16975bee025a833ff397f32f4d343b3cc47b4,DaxLynch/cve-bin-tool,main,138804499,13448552807,Python long tests measurement,github,47.6418,672719243,Testing,machine.ci,CI/CD,ubuntu-latest,[],37.3388,-121.8916,San Jose,52.234.41.112,230.0,993638,2025-02-21 02:07:51+00:00,68.0,16.0
8557639999,EPYC_7763,95a16975bee025a833ff397f32f4d343b3cc47b4,DaxLynch/cve-bin-tool,main,138804499,13448552807,Python long test scanner measurement,github,91.1548,1159416461,Testing,machine.ci,CI/CD,ubuntu-latest,[],33.4532,-112.0748,Phoenix,20.169.14.38,259.0,2547227,2025-02-21 02:07:52+00:00,147.0,19.0
80549400,EPYC_7763,95a16975bee025a833ff397f32f4d343b3cc47b4,DaxLynch/cve-bin-tool,main,138804487,13448911585,build pip wheel checkout,github,29.2816,20255596,Build pip wheel with Energy Measurement,machine.ci,CI/CD,ubuntu-latest,[],36.6676,-78.3875,Boydton,172.200.205.54,506.0,46538,2025-02-21 02:40:31+00:00,463.0,16.0
68688600,EPYC_7763,95a16975bee025a833ff397f32f4d343b3cc47b4,DaxLynch/cve-bin-tool,main,138804495,13448915233,Run gitlint,github,30.4475,17289221,Linting,machine.ci,CI/CD,ubuntu-latest,[],41.8835,-87.6305,Chicago,20.25.192.137,506.0,39689,2025-02-21 02:40:59+00:00,463.0,16.0
105899000,EPYC_7763,95a16975bee025a833ff397f32f4d343b3cc47b4,DaxLynch/cve-bin-tool,main,138804495,13448915233,Run gitlint,github,35.5374,23720198,Linting,machine.ci,CI/CD,ubuntu-latest,[],41.8835,-87.6305,Chicago,20.102.199.214,506.0,60352,2025-02-21 02:40:59+00:00,463.0,16.0
115318000,EPYC_7763,95a16975bee025a833ff397f32f4d343b3cc47b4,DaxLynch/cve-bin-tool,main,138804495,13448915233,Run gitlint,github,35.6332,26114491,Linting,machine.ci,CI/CD,ubuntu-latest,[],36.6676,-78.3875,Boydton,68.154.31.164,506.0,65800,2025-02-21 02:40:59+00:00,463.0,16.0
115229000,EPYC_7763,95a16975bee025a833ff397f32f4d343b3cc47b4,DaxLynch/cve-bin-tool,main,138804495,13448915233,Run gitlint,github,35.8168,26347427,Linting,machine.ci,CI/CD,ubuntu-latest,[],36.6676,-78.3875,Boydton,20.57.79.91,506.0,65823,2025-02-21 02:41:00+00:00,463.0,16.0
128911000,EPYC_7763,95a16975bee025a833ff397f32f4d343b3cc47b4,DaxLynch/cve-bin-tool,main,138804495,13448915233,Run gitlint,github,38.3052,28072065,Linting,machine.ci,CI/CD,ubuntu-latest,[],41.8835,-87.6305,Chicago,20.25.192.29,506.0,73237,2025-02-21 02:40:59+00:00,463.0,16.0
135620000,EPYC_7763,95a16975bee025a833ff397f32f4d343b3cc47b4,DaxLynch/cve-bin-tool,main,138804495,13448915233,Run gitlint,github,34.3253,31481405,Linting,machine.ci,CI/CD,ubuntu-latest,[],38.7095,-78.1539,Washington,20.42.17.126,506.0,77605,2025-02-21 02:40:59+00:00,463.0,16.0
149162000,EPYC_7763,95a16975bee025a833ff397f32f4d343b3cc47b4,DaxLynch/cve-bin-tool,main,138804495,13448915233,Run gitlint,github,33.4479,33689792,Linting,machine.ci,CI/CD,ubuntu-latest,[],41.8835,-87.6305,Chicago,172.183.229.79,506.0,85088,2025-02-21 02:40:59+00:00,463.0,16.0
148216000,EPYC_7763,95a16975bee025a833ff397f32f4d343b3cc47b4,DaxLynch/cve-bin-tool,main,138804495,13448915233,Run gitlint,github,31.8027,34594767,Linting,machine.ci,CI/CD,ubuntu-latest,[],33.4532,-112.0748,Phoenix,20.171.103.251,259.0,48256,2025-02-21 02:41:01+00:00,147.0,19.0
95354000,EPYC_7763,95a16975bee025a833ff397f32f4d343b3cc47b4,DaxLynch/cve-bin-tool,main,138804499,13448917735,build docs,github,26.7739,23852542,Testing,machine.ci,CI/CD,ubuntu-latest,[],38.7095,-78.1539,Washington,20.42.10.166,506.0,55053,2025-02-21 02:41:19+00:00,463.0,16.0
486818000,EPYC_7763,95a16975bee025a833ff397f32f4d343b3cc47b4,DaxLynch/cve-bin-tool,main,138804499,13448917735,Linux may fail measurement,github,38.2092,106479759,Testing,machine.ci,CI/CD,ubuntu-latest,[],38.7095,-78.1539,Washington,20.42.14.171,506.0,276710,2025-02-21 02:41:20+00:00,463.0,16.0
1377090000,EPYC_7763,95a16975bee025a833ff397f32f4d343b3cc47b4,DaxLynch/cve-bin-tool,main,138804499,13448917735,Synchronous tests measurement,github,52.096,255988309,Testing,machine.ci,CI/CD,ubuntu-latest,[],41.8835,-87.6305,Chicago,172.183.175.199,506.0,769845,2025-02-21 02:41:21+00:00,463.0,16.0
1268760000,EPYC_7763,95a16975bee025a833ff397f32f4d343b3cc47b4,DaxLynch/cve-bin-tool,main,138804499,13448917735,Synchronous tests measurement,github,43.4007,256021090,Testing,machine.ci,CI/CD,ubuntu-latest,[],37.3388,-121.8916,San Jose,20.43.247.160,230.0,364860,2025-02-21 02:41:23+00:00,68.0,16.0
1475620000,EPYC_7763,95a16975bee025a833ff397f32f4d343b3cc47b4,DaxLynch/cve-bin-tool,main,138804499,13448917735,Synchronous tests measurement,github,52.6742,273274418,Testing,machine.ci,CI/CD,ubuntu-latest,[],41.8835,-87.6305,Chicago,20.102.212.176,506.0,824631,2025-02-21 02:41:21+00:00,463.0,16.0
1578050000,EPYC_7763,95a16975bee025a833ff397f32f4d343b3cc47b4,DaxLynch/cve-bin-tool,main,138804499,13448917735,Synchronous tests measurement,github,46.4364,308688603,Testing,machine.ci,CI/CD,ubuntu-latest,[],37.3388,-121.8916,San Jose,52.160.165.194,230.0,451025,2025-02-21 02:41:23+00:00,68.0,16.0
3913140,EPYC_7763,2f8c1bc41caded1854e8e4d4d99bf17993d20fd2,greatcomet1812/open-amt-cloud-toolkit,8/merge,143302614,13449012163,Dependency Review Scan,github,18.35,1651559,Dependency Review,machine.ci,CI/CD,ubuntu-latest,[],38.7095,-78.1539,Washington,20.42.12.200,481.0,2352,,,
8113289,EPYC_7763,50ba2c40906b630d7671efbc5c46d2f16d78e3ef,greatcomet1812/open-amt-cloud-toolkit,9/merge,143302614,13449033845,Dependency Review Scan,github,23.515,2090140,Dependency Review,machine.ci,CI/CD,ubuntu-latest,[],38.7095,-78.1539,Washington,20.42.51.109,481.0,4498,,,
3464120000,EPYC_7763,95a16975bee025a833ff397f32f4d343b3cc47b4,DaxLynch/cve-bin-tool,main,138804499,13448917735,Python long tests measurement,github,48.6123,663491312,Testing,machine.ci,CI/CD,ubuntu-latest,[],33.4532,-112.0748,Phoenix,20.171.99.211,259.0,1086509,2025-02-21 02:41:11+00:00,147.0,19.0
8578690000,EPYC_7763,95a16975bee025a833ff397f32f4d343b3cc47b4,DaxLynch/cve-bin-tool,main,138804499,13448917735,Python long test scanner measurement,github,89.8329,1169149619,Testing,machine.ci,CI/CD,ubuntu-latest,[],41.8835,-87.6305,Chicago,20.25.192.86,506.0,4674391,2025-02-21 02:41:10+00:00,463.0,16.0
7020150000,EPYC_7763,95a16975bee025a833ff397f32f4d343b3cc47b4,DaxLynch/cve-bin-tool,main,138804499,13448917735,Python long test sync measurement,github,28.5607,1693010665,Testing,machine.ci,CI/CD,ubuntu-latest,[],41.8835,-87.6305,Chicago,172.183.229.65,506.0,4035235,2025-02-21 02:41:09+00:00,463.0,16.0
7941070,EPYC_7763,80b69d73c9cfdab12a0b052143099dab45204b18,greatcomet1812/open-amt-cloud-toolkit,9/merge,143302614,13450298677,Dependency Review Scan,github,20.595,2227837,Dependency Review,machine.ci,CI/CD,ubuntu-latest,[],33.4532,-112.0748,Phoenix,20.169.0.202,264.0,2732,,,
77372700,EPYC_7763,95a16975bee025a833ff397f32f4d343b3cc47b4,DaxLynch/cve-bin-tool,main,138804487,13450642415,build pip wheel checkout,github,30.6811,18329632,Build pip wheel with Energy Measurement,machine.ci,CI/CD,ubuntu-latest,[],36.6676,-78.3875,Boydton,20.246.78.16,478.0,42213,2025-02-21 05:24:38+00:00,463.0,13.0
64168400,EPYC_7763,95a16975bee025a833ff397f32f4d343b3cc47b4,DaxLynch/cve-bin-tool,main,138804495,13450644306,Run gitlint,github,29.9187,16206657,Linting,machine.ci,CI/CD,ubuntu-latest,[],36.6676,-78.3875,Boydton,20.57.71.180,478.0,35297,2025-02-21 05:24:54+00:00,463.0,13.0
113061000,EPYC_7763,95a16975bee025a833ff397f32f4d343b3cc47b4,DaxLynch/cve-bin-tool,main,138804495,13450644306,Run gitlint,github,41.913,23955979,Linting,machine.ci,CI/CD,ubuntu-latest,[],38.7095,-78.1539,Washington,20.55.86.195,478.0,60879,2025-02-21 05:24:53+00:00,463.0,13.0
115556000,EPYC_7763,95a16975bee025a833ff397f32f4d343b3cc47b4,DaxLynch/cve-bin-tool,main,138804495,13450644306,Run gitlint,github,36.3152,26097704,Linting,machine.ci,CI/CD,ubuntu-latest,[],38.7095,-78.1539,Washington,20.39.63.64,478.0,62682,2025-02-21 05:24:55+00:00,463.0,13.0
127784000,EPYC_7763,95a16975bee025a833ff397f32f4d343b3cc47b4,DaxLynch/cve-bin-tool,main,138804495,13450644306,Run gitlint,github,37.6074,28044509,Linting,machine.ci,CI/CD,ubuntu-latest,[],41.8835,-87.6305,Chicago,20.25.192.2,478.0,69080,2025-02-21 05:24:53+00:00,463.0,13.0
122931000,EPYC_7763,95a16975bee025a833ff397f32f4d343b3cc47b4,DaxLynch/cve-bin-tool,main,138804495,13450644306,Run gitlint,github,34.3189,27904116,Linting,machine.ci,CI/CD,ubuntu-latest,[],41.8835,-87.6305,Chicago,172.183.199.187,478.0,66721,2025-02-21 05:24:54+00:00,463.0,13.0
130119000,EPYC_7763,95a16975bee025a833ff397f32f4d343b3cc47b4,DaxLynch/cve-bin-tool,main,138804495,13450644306,Run gitlint,github,36.3443,29067920,Linting,machine.ci,CI/CD,ubuntu-latest,[],36.6676,-78.3875,Boydton,74.249.15.32,478.0,70490,2025-02-21 05:24:53+00:00,463.0,13.0
127113000,EPYC_7763,95a16975bee025a833ff397f32f4d343b3cc47b4,DaxLynch/cve-bin-tool,main,138804495,13450644306,Run gitlint,github,34.0971,29236593,Linting,machine.ci,CI/CD,ubuntu-latest,[],41.8835,-87.6305,Chicago,172.183.246.195,478.0,69102,2025-02-21 05:24:54+00:00,463.0,13.0
138927000,EPYC_7763,95a16975bee025a833ff397f32f4d343b3cc47b4,DaxLynch/cve-bin-tool,main,138804495,13450644306,Run gitlint,github,36.2723,31212610,Linting,machine.ci,CI/CD,ubuntu-latest,[],38.7095,-78.1539,Washington,20.42.48.79,478.0,75311,2025-02-21 05:24:53+00:00,463.0,13.0
91793500,EPYC_7763,95a16975bee025a833ff397f32f4d343b3cc47b4,DaxLynch/cve-bin-tool,main,138804499,13450646027,build docs,github,27.4714,23276199,Testing,machine.ci,CI/CD,ubuntu-latest,[],38.7095,-78.1539,Washington,172.190.111.24,478.0,50519,2025-02-21 05:25:09+00:00,463.0,13.0
478859000,EPYC_7763,95a16975bee025a833ff397f32f4d343b3cc47b4,DaxLynch/cve-bin-tool,main,138804499,13450646027,Linux may fail measurement,github,38.4929,103665243,Testing,machine.ci,CI/CD,ubuntu-latest,[],38.7095,-78.1539,Washington,172.190.111.19,478.0,258473,2025-02-21 05:25:09+00:00,463.0,13.0
1214130000,EPYC_7763,95a16975bee025a833ff397f32f4d343b3cc47b4,DaxLynch/cve-bin-tool,main,138804499,13450646027,Synchronous tests measurement,github,47.9051,234976231,Testing,machine.ci,CI/CD,ubuntu-latest,[],38.7095,-78.1539,Washington,20.42.50.234,478.0,647397,2025-02-21 05:25:09+00:00,463.0,13.0
1451170000,EPYC_7763,95a16975bee025a833ff397f32f4d343b3cc47b4,DaxLynch/cve-bin-tool,main,138804499,13450646027,Synchronous tests measurement,github,50.147,274411631,Testing,machine.ci,CI/CD,ubuntu-latest,[],36.6676,-78.3875,Boydton,20.57.79.80,478.0,771952,2025-02-21 05:25:10+00:00,463.0,13.0
1504950000,EPYC_7763,95a16975bee025a833ff397f32f4d343b3cc47b4,DaxLynch/cve-bin-tool,main,138804499,13450646027,Synchronous tests measurement,github,49.9023,284615567,Testing,machine.ci,CI/CD,ubuntu-latest,[],37.3388,-121.8916,San Jose,52.234.42.210,280.0,502592,2025-02-21 05:25:12+00:00,68.0,13.0
1516390000,EPYC_7763,95a16975bee025a833ff397f32f4d343b3cc47b4,DaxLynch/cve-bin-tool,main,138804499,13450646027,Synchronous tests measurement,github,48.3666,291574399,Testing,machine.ci,CI/CD,ubuntu-latest,[],37.3388,-121.8916,San Jose,52.234.42.216,280.0,507778,2025-02-21 05:25:13+00:00,68.0,13.0
3307460000,EPYC_7763,95a16975bee025a833ff397f32f4d343b3cc47b4,DaxLynch/cve-bin-tool,main,138804499,13450646027,Python long tests measurement,github,50.0612,626161953,Testing,machine.ci,CI/CD,ubuntu-latest,[],36.6676,-78.3875,Boydton,20.161.77.185,478.0,1759617,2025-02-21 05:24:57+00:00,463.0,13.0
8539879999,EPYC_7763,95a16975bee025a833ff397f32f4d343b3cc47b4,DaxLynch/cve-bin-tool,main,138804499,13450646027,Python long test scanner measurement,github,91.8166,1153018775,Testing,machine.ci,CI/CD,ubuntu-latest,[],36.6676,-78.3875,Boydton,20.57.79.149,478.0,4411035,2025-02-21 05:24:57+00:00,463.0,13.0
6743800000,EPYC_7763,95a16975bee025a833ff397f32f4d343b3cc47b4,DaxLynch/cve-bin-tool,main,138804499,13450646027,Python long test sync measurement,github,27.6224,1640304961,Testing,machine.ci,CI/CD,ubuntu-latest,[],37.3388,-121.8916,San Jose,52.234.46.119,280.0,2356264,2025-02-21 05:25:00+00:00,68.0,13.0
3597710,EPYC_7763,96850cdd63879fc7e1346f883e05b4af7dd4cf34,greatcomet1812/open-amt-cloud-toolkit,10/merge,143302614,13450957846,Dependency Review Scan,github,8.95,1864935,Dependency Review,machine.ci,CI/CD,ubuntu-latest,[],41.8835,-87.6305,Chicago,172.183.152.18,479.0,2253,,,
7961970,EPYC_7763,e6afb0e1ff8b6587c47549da186c3508ec9e376b,greatcomet1812/open-amt-cloud-toolkit,8/merge,143302614,13451153366,Dependency Review Scan,github,21.07,2517978,Dependency Review,machine.ci,CI/CD,ubuntu-latest,[],41.8835,-87.6305,Chicago,172.183.76.164,477.0,4516,,,
7999770,EPYC_7763,96e25abb97f87a4bd2e94df27f215220cfd1ec2e,greatcomet1812/open-amt-cloud-toolkit,11/merge,143302614,13451722112,Dependency Review Scan,github,21.295,2704926,Dependency Review,machine.ci,CI/CD,ubuntu-latest,[],33.4532,-112.0748,Phoenix,20.169.14.46,264.0,2882,,,
17579500,EPYC_7763,96e25abb97f87a4bd2e94df27f215220cfd1ec2e,greatcomet1812/open-amt-cloud-toolkit,11/merge,143302618,13451722113,Validate PR and Commits,github,32.1825,4272675,Semantic Pull Request,machine.ci,CI/CD,ubuntu-latest,[],33.4532,-112.0748,Phoenix,20.169.14.42,264.0,5859,,,
3844450,EPYC_7763,0371df4751394504366b285bb2d81c1e5ad354d7,greatcomet1812/open-amt-cloud-toolkit,12/merge,143302614,13451842271,Dependency Review Scan,github,16.3,1946654,Dependency Review,machine.ci,CI/CD,ubuntu-latest,[],36.6676,-78.3875,Boydton,68.154.30.148,486.0,2424,,,
14068900,EPYC_7763,0371df4751394504366b285bb2d81c1e5ad354d7,greatcomet1812/open-amt-cloud-toolkit,12/merge,143302618,13451842268,Validate PR and Commits,github,37.8367,3250546,Semantic Pull Request,machine.ci,CI/CD,ubuntu-latest,[],38.7095,-78.1539,Washington,20.42.50.229,486.0,7764,,,
75206900,EPYC_7763,95a16975bee025a833ff397f32f4d343b3cc47b4,DaxLynch/cve-bin-tool,main,138804495,13451981424,Run gitlint,github,27.3528,18800844,Linting,machine.ci,CI/CD,ubuntu-latest,[],33.4532,-112.0748,Phoenix,20.169.1.145,264.0,25218,2025-02-21 07:19:39+00:00,147.0,14.0
104264000,EPYC_7763,95a16975bee025a833ff397f32f4d343b3cc47b4,DaxLynch/cve-bin-tool,main,138804495,13451981424,Run gitlint,github,38.6645,23099088,Linting,machine.ci,CI/CD,ubuntu-latest,[],38.7095,-78.1539,Washington,172.190.111.236,486.0,57263,2025-02-21 07:19:36+00:00,463.0,11.0
107725000,EPYC_7763,95a16975bee025a833ff397f32f4d343b3cc47b4,DaxLynch/cve-bin-tool,main,138804495,13451981424,Run gitlint,github,37.3404,23891896,Linting,machine.ci,CI/CD,ubuntu-latest,[],36.6676,-78.3875,Boydton,20.161.77.250,486.0,59170,2025-02-21 07:19:37+00:00,463.0,11.0
113567000,EPYC_7763,95a16975bee025a833ff397f32f4d343b3cc47b4,DaxLynch/cve-bin-tool,main,138804495,13451981424,Run gitlint,github,37.8871,25391251,Linting,machine.ci,CI/CD,ubuntu-latest,[],36.6676,-78.3875,Boydton,20.161.77.226,486.0,62437,2025-02-21 07:19:35+00:00,463.0,11.0
111732000,EPYC_7763,95a16975bee025a833ff397f32f4d343b3cc47b4,DaxLynch/cve-bin-tool,main,138804495,13451981424,Run gitlint,github,36.5967,25205017,Linting,machine.ci,CI/CD,ubuntu-latest,[],36.6676,-78.3875,Boydton,20.161.77.246,486.0,61494,2025-02-21 07:19:38+00:00,463.0,11.0
128145999,EPYC_7763,95a16975bee025a833ff397f32f4d343b3cc47b4,DaxLynch/cve-bin-tool,main,138804495,13451981424,Run gitlint,github,35.4154,28684247,Linting,machine.ci,CI/CD,ubuntu-latest,[],36.6676,-78.3875,Boydton,20.57.79.147,486.0,70461,2025-02-21 07:19:36+00:00,463.0,11.0
140392000,EPYC_7763,95a16975bee025a833ff397f32f4d343b3cc47b4,DaxLynch/cve-bin-tool,main,138804495,13451981424,Run gitlint,github,39.7679,29909627,Linting,machine.ci,CI/CD,ubuntu-latest,[],41.8835,-87.6305,Chicago,20.25.193.2,486.0,76764,2025-02-21 07:19:35+00:00,463.0,11.0
127852000,EPYC_7763,95a16975bee025a833ff397f32f4d343b3cc47b4,DaxLynch/cve-bin-tool,main,138804495,13451981424,Run gitlint,github,34.5479,29480415,Linting,machine.ci,CI/CD,ubuntu-latest,[],41.8835,-87.6305,Chicago,172.183.229.88,486.0,70547,2025-02-21 07:19:38+00:00,463.0,11.0
109204000,EPYC_7763,95a16975bee025a833ff397f32f4d343b3cc47b4,DaxLynch/cve-bin-tool,main,138804499,13451980408,build docs,github,23.593,28104353,Testing,machine.ci,CI/CD,ubuntu-latest,[],33.4532,-112.0748,Phoenix,20.169.1.151,264.0,36847,2025-02-21 07:19:43+00:00,147.0,14.0
77356100,EPYC_7763,95a16975bee025a833ff397f32f4d343b3cc47b4,DaxLynch/cve-bin-tool,main,138804487,13451984677,build pip wheel checkout,github,31.08,18394191,Build pip wheel with Energy Measurement,machine.ci,CI/CD,ubuntu-latest,[],36.6676,-78.3875,Boydton,20.57.44.192,486.0,42841,2025-02-21 07:20:14+00:00,463.0,11.0
480755000,EPYC_7763,95a16975bee025a833ff397f32f4d343b3cc47b4,DaxLynch/cve-bin-tool,main,138804488,13448131615,Perform CodeQL Analysis,github,61.5926,83053338,CodeQL,machine.ci,CI/CD,ubuntu-latest,[],36.6676,-78.3875,Boydton,68.154.31.203,486.0,257342,2025-02-21 07:20:30+00:00,463.0,11.0
1224590000,EPYC_7763,95a16975bee025a833ff397f32f4d343b3cc47b4,DaxLynch/cve-bin-tool,main,138804499,13451980408,Synchronous tests measurement,github,47.2944,238446958,Testing,machine.ci,CI/CD,ubuntu-latest,[],36.6676,-78.3875,Boydton,20.246.78.218,486.0,663183,2025-02-21 07:19:40+00:00,463.0,11.0
1349310000,EPYC_7763,95a16975bee025a833ff397f32f4d343b3cc47b4,DaxLynch/cve-bin-tool,main,138804499,13451980408,Synchronous tests measurement,github,49.1033,255705509,Testing,machine.ci,CI/CD,ubuntu-latest,[],33.4532,-112.0748,Phoenix,20.169.0.192,264.0,429175,2025-02-21 07:19:43+00:00,147.0,14.0
1424850000,EPYC_7763,95a16975bee025a833ff397f32f4d343b3cc47b4,DaxLynch/cve-bin-tool,main,138804499,13451980408,Synchronous tests measurement,github,50.7067,268822893,Testing,machine.ci,CI/CD,ubuntu-latest,[],38.7095,-78.1539,Washington,20.42.10.161,486.0,769175,2025-02-21 07:19:39+00:00,463.0,11.0
1509850000,EPYC_7763,95a16975bee025a833ff397f32f4d343b3cc47b4,DaxLynch/cve-bin-tool,main,138804499,13451980408,Synchronous tests measurement,github,50.478,284303410,Testing,machine.ci,CI/CD,ubuntu-latest,[],33.4532,-112.0748,Phoenix,20.169.0.193,264.0,479715,2025-02-21 07:19:43+00:00,147.0,14.0
3471370000,EPYC_7763,95a16975bee025a833ff397f32f4d343b3cc47b4,DaxLynch/cve-bin-tool,main,138804499,13451980408,Python long tests measurement,github,49.3751,661225926,Testing,machine.ci,CI/CD,ubuntu-latest,[],41.8835,-87.6305,Chicago,172.214.173.176,486.0,1875743,2025-02-21 07:19:28+00:00,463.0,11.0
3400500000,EPYC_7763,95a16975bee025a833ff397f32f4d343b3cc47b4,DaxLynch/cve-bin-tool,main,138804488,13448131615,Perform CodeQL Analysis,github,33.8923,763595645,CodeQL,machine.ci,CI/CD,ubuntu-latest,[],37.3388,-121.8916,San Jose,52.225.77.182,276.0,1156403,2025-02-21 07:20:31+00:00,68.0,11.0
8614800000,EPYC_7763,95a16975bee025a833ff397f32f4d343b3cc47b4,DaxLynch/cve-bin-tool,main,138804499,13451980408,Python long test scanner measurement,github,91.0237,1165300130,Testing,machine.ci,CI/CD,ubuntu-latest,[],33.4532,-112.0748,Phoenix,20.169.1.145,264.0,2606783,2025-02-21 07:19:30+00:00,147.0,14.0
6678220000,EPYC_7763,95a16975bee025a833ff397f32f4d343b3cc47b4,DaxLynch/cve-bin-tool,main,138804499,13451980408,Python long test sync measurement,github,29.0846,1721863021,Testing,machine.ci,CI/CD,ubuntu-latest,[],36.6676,-78.3875,Boydton,20.49.62.49,486.0,3736885,2025-02-21 07:19:27+00:00,463.0,11.0
80449600,EPYC_7763,95a16975bee025a833ff397f32f4d343b3cc47b4,DaxLynch/cve-bin-tool,main,138804487,13452507249,build pip wheel checkout,github,29.2995,19510523,Build pip wheel with Energy Measurement,machine.ci,CI/CD,ubuntu-latest,[],38.7095,-78.1539,Washington,20.42.50.232,490.0,44986,2025-02-21 08:00:48+00:00,463.0,10.0
84932000,EPYC_7763,95a16975bee025a833ff397f32f4d343b3cc47b4,DaxLynch/cve-bin-tool,main,138804495,13452508198,Run gitlint,github,29.3265,20812962,Linting,machine.ci,CI/CD,ubuntu-latest,[],41.8835,-87.6305,Chicago,20.25.192.47,490.0,47554,2025-02-21 08:00:56+00:00,463.0,10.0
130895000,EPYC_7763,95a16975bee025a833ff397f32f4d343b3cc47b4,DaxLynch/cve-bin-tool,main,138804495,13452508198,Run gitlint,github,39.4611,27628755,Linting,machine.ci,CI/CD,ubuntu-latest,[],36.6676,-78.3875,Boydton,20.161.77.178,490.0,72021,2025-02-21 08:00:56+00:00,463.0,10.0
129139000,EPYC_7763,95a16975bee025a833ff397f32f4d343b3cc47b4,DaxLynch/cve-bin-tool,main,138804495,13452508198,Run gitlint,github,38.9993,28260009,Linting,machine.ci,CI/CD,ubuntu-latest,[],36.6676,-78.3875,Boydton,20.161.78.133,490.0,71341,2025-02-21 08:00:55+00:00,463.0,10.0
127483000,EPYC_7763,95a16975bee025a833ff397f32f4d343b3cc47b4,DaxLynch/cve-bin-tool,main,138804495,13452508198,Run gitlint,github,34.3386,29024024,Linting,machine.ci,CI/CD,ubuntu-latest,[],41.8835,-87.6305,Chicago,172.214.173.185,490.0,70746,2025-02-21 08:00:57+00:00,463.0,10.0
143183000,EPYC_7763,95a16975bee025a833ff397f32f4d343b3cc47b4,DaxLynch/cve-bin-tool,main,138804495,13452508198,Run gitlint,github,32.9075,32957247,Linting,machine.ci,CI/CD,ubuntu-latest,[],41.8835,-87.6305,Chicago,20.25.192.108,490.0,79563,2025-02-21 08:00:55+00:00,463.0,10.0
123528000,EPYC_7763,95a16975bee025a833ff397f32f4d343b3cc47b4,DaxLynch/cve-bin-tool,main,138804495,13452508198,Run gitlint,github,29.9639,29082909,Linting,machine.ci,CI/CD,ubuntu-latest,[],33.4532,-112.0748,Phoenix,20.172.29.34,260.0,40414,2025-02-21 08:00:59+00:00,147.0,13.0
153857000,EPYC_7763,95a16975bee025a833ff397f32f4d343b3cc47b4,DaxLynch/cve-bin-tool,main,138804495,13452508198,Run gitlint,github,23.1319,37762646,Linting,machine.ci,CI/CD,ubuntu-latest,[],37.3388,-121.8916,San Jose,52.234.38.232,277.0,53391,2025-02-21 08:00:58+00:00,68.0,10.0
123537000,EPYC_7763,95a16975bee025a833ff397f32f4d343b3cc47b4,DaxLynch/cve-bin-tool,main,138804499,13452509428,build docs,github,25.9333,31297149,Testing,machine.ci,CI/CD,ubuntu-latest,[],41.8835,-87.6305,Chicago,20.25.193.43,490.0,69463,2025-02-21 08:01:10+00:00,463.0,10.0
186567000,EPYC_7763,95a16975bee025a833ff397f32f4d343b3cc47b4,DaxLynch/cve-bin-tool,main,138804495,13452508198,Run gitlint,github,25.6098,45194352,Linting,machine.ci,CI/CD,ubuntu-latest,[],37.3388,-121.8916,San Jose,52.190.141.176,277.0,64572,2025-02-21 08:00:58+00:00,68.0,10.0
95734600,EPYC_7763,95a16975bee025a833ff397f32f4d343b3cc47b4,DaxLynch/cve-bin-tool,main,138804499,13450646027,build docs,github,27.05,23995912,Testing,machine.ci,CI/CD,ubuntu-latest,[],41.8835,-87.6305,Chicago,20.102.199.87,490.0,53757,2025-02-21 08:02:00+00:00,463.0,10.0
483769000,EPYC_7763,95a16975bee025a833ff397f32f4d343b3cc47b4,DaxLynch/cve-bin-tool,main,138804499,13452509428,Linux may fail measurement,github,38.5209,104012235,Testing,machine.ci,CI/CD,ubuntu-latest,[],41.8835,-87.6305,Chicago,20.88.39.186,490.0,266722,2025-02-21 08:01:11+00:00,463.0,10.0
475153000,EPYC_7763,95a16975bee025a833ff397f32f4d343b3cc47b4,DaxLynch/cve-bin-tool,main,138804499,13450646027,Linux may fail measurement,github,37.6639,103681419,Testing,machine.ci,CI/CD,ubuntu-latest,[],41.8835,-87.6305,Chicago,172.214.175.240,490.0,262406,2025-02-21 08:02:00+00:00,463.0,10.0
1223880000,EPYC_7763,95a16975bee025a833ff397f32f4d343b3cc47b4,DaxLynch/cve-bin-tool,main,138804499,13452509428,Synchronous tests measurement,github,47.4131,238086312,Testing,machine.ci,CI/CD,ubuntu-latest,[],38.7095,-78.1539,Washington,20.42.51.108,490.0,667631,2025-02-21 08:01:10+00:00,463.0,10.0
1379870000,EPYC_7763,95a16975bee025a833ff397f32f4d343b3cc47b4,DaxLynch/cve-bin-tool,main,138804499,13452509428,Synchronous tests measurement,github,52.4237,256058463,Testing,machine.ci,CI/CD,ubuntu-latest,[],41.8835,-87.6305,Chicago,20.102.199.128,490.0,749193,2025-02-21 08:01:10+00:00,463.0,10.0
1500780000,EPYC_7763,95a16975bee025a833ff397f32f4d343b3cc47b4,DaxLynch/cve-bin-tool,main,138804499,13452509428,Synchronous tests measurement,github,50.1961,282551103,Testing,machine.ci,CI/CD,ubuntu-latest,[],37.3388,-121.8916,San Jose,52.160.165.139,277.0,496331,2025-02-21 08:01:12+00:00,68.0,10.0
108825000,EPYC_7763,95a16975bee025a833ff397f32f4d343b3cc47b4,DaxLynch/cve-bin-tool,main,138804487,13452524771,build pip wheel checkout,github,27.9627,26482747,Build pip wheel with Energy Measurement,machine.ci,CI/CD,ubuntu-latest,[],38.7095,-78.1539,Washington,20.42.14.30,490.0,60879,2025-02-21 08:05:48+00:00,463.0,10.0
1446760000,EPYC_7763,95a16975bee025a833ff397f32f4d343b3cc47b4,DaxLynch/cve-bin-tool,main,138804499,13452509428,Synchronous tests measurement,github,49.471,275628562,Testing,machine.ci,CI/CD,ubuntu-latest,[],36.6676,-78.3875,Boydton,172.200.183.145,490.0,787553,2025-02-21 08:01:40+00:00,463.0,10.0
1296010000,EPYC_7763,95a16975bee025a833ff397f32f4d343b3cc47b4,DaxLynch/cve-bin-tool,main,138804499,13450646027,Synchronous tests measurement,github,43.5166,260570538,Testing,machine.ci,CI/CD,ubuntu-latest,[],37.3388,-121.8916,San Jose,52.160.165.139,277.0,433338,2025-02-21 08:02:09+00:00,68.0,10.0
1380070000,EPYC_7763,95a16975bee025a833ff397f32f4d343b3cc47b4,DaxLynch/cve-bin-tool,main,138804499,13450646027,Synchronous tests measurement,github,52.4427,256310385,Testing,machine.ci,CI/CD,ubuntu-latest,[],36.6676,-78.3875,Boydton,20.57.46.42,490.0,749363,2025-02-21 08:03:27+00:00,463.0,10.0
489896000,EPYC_7763,95a16975bee025a833ff397f32f4d343b3cc47b4,DaxLynch/cve-bin-tool,main,138804488,13448131615,Perform CodeQL Analysis,github,62.2412,83534397,CodeQL,machine.ci,CI/CD,ubuntu-latest,[],36.6676,-78.3875,Boydton,20.57.79.234,490.0,263881,2025-02-21 08:06:33+00:00,463.0,10.0
1699080000,EPYC_7763,95a16975bee025a833ff397f32f4d343b3cc47b4,DaxLynch/cve-bin-tool,main,138804499,13450646027,Synchronous tests measurement,github,44.728,334925585,Testing,machine.ci,CI/CD,ubuntu-latest,[],37.3388,-121.8916,San Jose,52.234.33.231,277.0,566205,2025-02-21 08:02:24+00:00,68.0,10.0
1455770000,EPYC_7763,95a16975bee025a833ff397f32f4d343b3cc47b4,DaxLynch/cve-bin-tool,main,138804499,13450646027,Synchronous tests measurement,github,50.2234,275442510,Testing,machine.ci,CI/CD,ubuntu-latest,[],38.7095,-78.1539,Washington,20.55.47.18,490.0,791914,2025-02-21 08:04:15+00:00,463.0,10.0
3443690000,EPYC_7763,95a16975bee025a833ff397f32f4d343b3cc47b4,DaxLynch/cve-bin-tool,main,138804499,13452509428,Python long tests measurement,github,49.0104,657996594,Testing,machine.ci,CI/CD,ubuntu-latest,[],33.4532,-112.0748,Phoenix,20.169.0.198,260.0,1083095,2025-02-21 08:00:59+00:00,147.0,13.0
3497140000,EPYC_7763,95a16975bee025a833ff397f32f4d343b3cc47b4,DaxLynch/cve-bin-tool,main,138804499,13450646027,Python long tests measurement,github,48.4858,673614835,Testing,machine.ci,CI/CD,ubuntu-latest,[],36.6676,-78.3875,Boydton,172.200.181.135,490.0,1905788,2025-02-21 08:01:49+00:00,463.0,10.0
3376870000,EPYC_7763,95a16975bee025a833ff397f32f4d343b3cc47b4,DaxLynch/cve-bin-tool,main,138804488,13448131615,Perform CodeQL Analysis,github,34.1344,756587034,CodeQL,machine.ci,CI/CD,ubuntu-latest,[],38.7095,-78.1539,Washington,20.42.49.81,490.0,1870531,2025-02-21 08:06:31+00:00,463.0,10.0
8593530000,EPYC_7763,95a16975bee025a833ff397f32f4d343b3cc47b4,DaxLynch/cve-bin-tool,main,138804499,13452509428,Python long test scanner measurement,github,89.8397,1171443429,Testing,machine.ci,CI/CD,ubuntu-latest,[],36.6676,-78.3875,Boydton,20.57.79.176,490.0,4545057,2025-02-21 08:00:58+00:00,463.0,10.0
8621010000,EPYC_7763,95a16975bee025a833ff397f32f4d343b3cc47b4,DaxLynch/cve-bin-tool,main,138804499,13450646027,Python long test scanner measurement,github,89.2328,1179649479,Testing,machine.ci,CI/CD,ubuntu-latest,[],33.4532,-112.0748,Phoenix,20.169.15.144,260.0,2578033,2025-02-21 08:01:49+00:00,147.0,13.0
5691970000,EPYC_7763,95a16975bee025a833ff397f32f4d343b3cc47b4,DaxLynch/cve-bin-tool,main,138804500,13452523727,Daily Update Cache,github,24.4768,1505652640,Update cached database,machine.ci,CI/CD,ubuntu-latest,[],38.7095,-78.1539,Washington,74.235.134.182,490.0,3218648,2025-02-21 08:05:32+00:00,463.0,10.0
7148760000,EPYC_7763,95a16975bee025a833ff397f32f4d343b3cc47b4,DaxLynch/cve-bin-tool,main,138804499,13452509428,Python long test sync measurement,github,28.0577,1812302379,Testing,machine.ci,CI/CD,ubuntu-latest,[],33.4532,-112.0748,Phoenix,20.169.14.20,260.0,2375751,2025-02-21 08:01:00+00:00,147.0,13.0
100846000,EPYC_7763,95a16975bee025a833ff397f32f4d343b3cc47b4,DaxLynch/cve-bin-tool,main,138804487,13462917690,build pip wheel checkout,github,28.1162,25274544,Build pip wheel with Energy Measurement,machine.ci,CI/CD,ubuntu-latest,[],41.8835,-87.6305,Chicago,172.214.133.2,468.0,54405,2025-02-21 18:27:01+00:00,463.0,1.0
95171600,EPYC_7763,95a16975bee025a833ff397f32f4d343b3cc47b4,DaxLynch/cve-bin-tool,main,138804499,13462924442,build docs,github,26.4152,24265887,Testing,machine.ci,CI/CD,ubuntu-latest,[],36.6676,-78.3875,Boydton,172.200.183.159,468.0,51464,2025-02-21 18:27:34+00:00,463.0,1.0
486363000,EPYC_7763,95a16975bee025a833ff397f32f4d343b3cc47b4,DaxLynch/cve-bin-tool,main,138804488,13448131615,Perform CodeQL Analysis,github,61.7849,83125806,CodeQL,machine.ci,CI/CD,ubuntu-latest,[],38.7095,-78.1539,Washington,4.227.173.176,468.0,251336,2025-02-21 18:27:22+00:00,463.0,1.0
1208430000,EPYC_7763,95a16975bee025a833ff397f32f4d343b3cc47b4,DaxLynch/cve-bin-tool,main,138804499,13462924442,Synchronous tests measurement,github,47.2819,235198581,Testing,machine.ci,CI/CD,ubuntu-latest,[],36.6676,-78.3875,Boydton,20.246.79.250,468.0,632651,2025-02-21 18:27:35+00:00,463.0,1.0
1429470000,EPYC_7763,95a16975bee025a833ff397f32f4d343b3cc47b4,DaxLynch/cve-bin-tool,main,138804499,13462924442,Synchronous tests measurement,github,54.0039,261425954,Testing,machine.ci,CI/CD,ubuntu-latest,[],36.6676,-78.3875,Boydton,20.246.79.246,468.0,743581,2025-02-21 18:27:38+00:00,463.0,1.0
1461500000,EPYC_7763,95a16975bee025a833ff397f32f4d343b3cc47b4,DaxLynch/cve-bin-tool,main,138804499,13462924442,Synchronous tests measurement,github,49.7207,278257467,Testing,machine.ci,CI/CD,ubuntu-latest,[],41.8835,-87.6305,Chicago,172.183.76.143,468.0,763373,2025-02-21 18:27:35+00:00,463.0,1.0
1633630000,EPYC_7763,95a16975bee025a833ff397f32f4d343b3cc47b4,DaxLynch/cve-bin-tool,main,138804499,13462924442,Synchronous tests measurement,github,46.9747,318976800,Testing,machine.ci,CI/CD,ubuntu-latest,[],41.8835,-87.6305,Chicago,172.183.229.150,468.0,855548,2025-02-21 18:27:36+00:00,463.0,1.0
3469480000,EPYC_7763,95a16975bee025a833ff397f32f4d343b3cc47b4,DaxLynch/cve-bin-tool,main,138804499,13462924442,Python long tests measurement,github,48.3827,666966330,Testing,machine.ci,CI/CD,ubuntu-latest,[],37.3388,-121.8916,San Jose,52.225.35.224,109.0,568469,2025-02-21 18:27:24+00:00,68.0,1.0
3391900000,EPYC_7763,95a16975bee025a833ff397f32f4d343b3cc47b4,DaxLynch/cve-bin-tool,main,138804488,13448131615,Perform CodeQL Analysis,github,34.5188,756384785,CodeQL,machine.ci,CI/CD,ubuntu-latest,[],38.7095,-78.1539,Washington,4.227.174.48,468.0,1803214,2025-02-21 18:27:23+00:00,463.0,1.0
8639200000,EPYC_7763,95a16975bee025a833ff397f32f4d343b3cc47b4,DaxLynch/cve-bin-tool,main,138804499,13462924442,Python long test scanner measurement,github,85.5702,1211999650,Testing,machine.ci,CI/CD,ubuntu-latest,[],38.7095,-78.1539,Washington,20.42.16.126,468.0,4388945,2025-02-21 18:27:24+00:00,463.0,1.0
76729600,EPYC_7763,95a16975bee025a833ff397f32f4d343b3cc47b4,DaxLynch/cve-bin-tool,main,138804487,13463701019,build pip wheel checkout,github,29.7717,18875923,Build pip wheel with Energy Measurement,machine.ci,CI/CD,ubuntu-latest,[],38.7095,-78.1539,Washington,20.42.49.181,457.0,40451,2025-02-21 19:18:29+00:00,457.0,24.0
505582000,EPYC_7763,95a16975bee025a833ff397f32f4d343b3cc47b4,DaxLynch/cve-bin-tool,main,138804488,13448131615,Perform CodeQL Analysis,github,56.0269,90553987,CodeQL,machine.ci,CI/CD,ubuntu-latest,[],37.3388,-121.8916,San Jose,52.234.42.189,96.0,74371,2025-02-21 19:18:59+00:00,68.0,1.0
3433080000,EPYC_7763,95a16975bee025a833ff397f32f4d343b3cc47b4,DaxLynch/cve-bin-tool,main,138804488,13448131615,Perform CodeQL Analysis,github,34.4158,767697318,CodeQL,machine.ci,CI/CD,ubuntu-latest,[],38.7095,-78.1539,Washington,4.227.174.70,457.0,1787952,2025-02-21 19:18:45+00:00,457.0,24.0
6065370000,EPYC_7763,95a16975bee025a833ff397f32f4d343b3cc47b4,DaxLynch/cve-bin-tool,main,138804500,13463705148,Daily Update Cache,github,32.0116,1418872335,Update cached database,machine.ci,CI/CD,ubuntu-latest,[],38.7095,-78.1539,Washington,74.235.134.181,457.0,3176697,2025-02-21 19:18:49+00:00,457.0,24.0
9224370000,EPYC_7763,fbb3cd8c4fd7c454b14a4dab404ff5aed0635ff4,DaxLynch/gprofiler,master,145676311,13476297754,Build gProfiler executable x86,github,91.4497,1233836364,"Build, test and deploy",machine.ci,CI/CD,ubuntu-latest,[],33.4532,-112.0748,Phoenix,20.169.14.18,97.0,1246795,2025-02-22 20:25:38+00:00,96.0,23.0
88728300,EPYC_7763,fbb3cd8c4fd7c454b14a4dab404ff5aed0635ff4,DaxLynch/gprofiler,master,145676311,13476297754,Build container x86,github,33.319,20963450,"Build, test and deploy",machine.ci,CI/CD,ubuntu-latest,[],41.8835,-87.6305,Chicago,20.102.223.137,383.0,39963,2025-02-22 20:46:28+00:00,382.0,22.0
3913590000,EPYC_7763,fbb3cd8c4fd7c454b14a4dab404ff5aed0635ff4,DaxLynch/gprofiler,master,145676311,13476297754,Run gProfiler tests x86,github,37.0467,855665110,"Build, test and deploy",machine.ci,CI/CD,ubuntu-latest,[],41.8835,-87.6305,Chicago,172.183.54.0,383.0,1743039,2025-02-22 20:46:28+00:00,382.0,22.0
3931970000,EPYC_7763,fbb3cd8c4fd7c454b14a4dab404ff5aed0635ff4,DaxLynch/gprofiler,master,145676311,13476297754,Run gProfiler tests x86,github,37.1448,859029678,"Build, test and deploy",machine.ci,CI/CD,ubuntu-latest,[],38.7095,-78.1539,Washington,52.234.154.194,383.0,1751037,2025-02-22 20:46:28+00:00,382.0,22.0
4029020000,EPYC_7763,fbb3cd8c4fd7c454b14a4dab404ff5aed0635ff4,DaxLynch/gprofiler,master,145676311,13476297754,Run gProfiler tests x86,github,37.6223,875381231,"Build, test and deploy",machine.ci,CI/CD,ubuntu-latest,[],36.6676,-78.3875,Boydton,20.81.159.114,383.0,1792872,2025-02-22 20:46:29+00:00,382.0,22.0
4006850000,EPYC_7763,fbb3cd8c4fd7c454b14a4dab404ff5aed0635ff4,DaxLynch/gprofiler,master,145676311,13476297754,Run gProfiler tests x86,github,37.187,875063394,"Build, test and deploy",machine.ci,CI/CD,ubuntu-latest,[],36.6676,-78.3875,Boydton,20.97.191.18,383.0,1784290,2025-02-22 20:46:30+00:00,382.0,22.0
4058710000,EPYC_7763,fbb3cd8c4fd7c454b14a4dab404ff5aed0635ff4,DaxLynch/gprofiler,master,145676311,13476297754,Run gProfiler tests x86,github,36.9458,886878503,"Build, test and deploy",machine.ci,CI/CD,ubuntu-latest,[],33.4532,-112.0748,Phoenix,4.227.114.227,97.0,646733,2025-02-22 20:46:30+00:00,96.0,23.0
4079670000,EPYC_7763,fbb3cd8c4fd7c454b14a4dab404ff5aed0635ff4,DaxLynch/gprofiler,master,145676311,13476297754,Run gProfiler tests x86,github,36.8892,892137951,"Build, test and deploy",machine.ci,CI/CD,ubuntu-latest,[],37.3388,-121.8916,San Jose,52.225.77.67,69.0,536037,2025-02-22 20:46:29+00:00,69.0,23.0
4083720000,EPYC_7763,fbb3cd8c4fd7c454b14a4dab404ff5aed0635ff4,DaxLynch/gprofiler,master,145676311,13476297754,Run gProfiler tests x86,github,37.1781,890333934,"Build, test and deploy",machine.ci,CI/CD,ubuntu-latest,[],33.4532,-112.0748,Phoenix,4.227.114.228,97.0,650144,2025-02-22 20:46:31+00:00,96.0,23.0
4078740000,EPYC_7763,fbb3cd8c4fd7c454b14a4dab404ff5aed0635ff4,DaxLynch/gprofiler,master,145676311,13476297754,Run gProfiler tests x86,github,36.85,892805095,"Build, test and deploy",machine.ci,CI/CD,ubuntu-latest,[],33.4532,-112.0748,Phoenix,20.172.25.224,97.0,650368,2025-02-22 20:46:31+00:00,96.0,23.0
4097740000,EPYC_7763,fbb3cd8c4fd7c454b14a4dab404ff5aed0635ff4,DaxLynch/gprofiler,master,145676311,13476297754,Run gProfiler tests x86,github,37.1494,894591978,"Build, test and deploy",machine.ci,CI/CD,ubuntu-latest,[],33.4532,-112.0748,Phoenix,4.227.114.224,97.0,652719,2025-02-22 20:46:31+00:00,96.0,23.0
4143149999,EPYC_7763,fbb3cd8c4fd7c454b14a4dab404ff5aed0635ff4,DaxLynch/gprofiler,master,145676311,13476297754,Run gProfiler tests x86,github,37.8687,898649749,"Build, test and deploy",machine.ci,CI/CD,ubuntu-latest,[],41.8835,-87.6305,Chicago,172.183.54.2,383.0,1843223,2025-02-22 20:46:29+00:00,382.0,22.0
4226340000,EPYC_7763,fbb3cd8c4fd7c454b14a4dab404ff5aed0635ff4,DaxLynch/gprofiler,master,145676311,13476297754,Run gProfiler tests x86,github,39.0491,906120647,"Build, test and deploy",machine.ci,CI/CD,ubuntu-latest,[],36.6676,-78.3875,Boydton,74.249.5.115,383.0,1877216,2025-02-22 20:46:28+00:00,382.0,22.0
4288420000,EPYC_7763,fbb3cd8c4fd7c454b14a4dab404ff5aed0635ff4,DaxLynch/gprofiler,master,145676311,13476297754,Run gProfiler tests x86,github,39.1261,915773670,"Build, test and deploy",machine.ci,CI/CD,ubuntu-latest,[],38.7095,-78.1539,Washington,20.83.174.49,383.0,1903746,2025-02-22 20:46:28+00:00,382.0,22.0
4285640000,EPYC_7763,fbb3cd8c4fd7c454b14a4dab404ff5aed0635ff4,DaxLynch/gprofiler,master,145676311,13476297754,Run gProfiler tests x86,github,38.6182,920543721,"Build, test and deploy",machine.ci,CI/CD,ubuntu-latest,[],33.4532,-112.0748,Phoenix,4.227.114.224,97.0,678349,2025-02-22 20:46:31+00:00,96.0,23.0
4241600000,EPYC_7763,fbb3cd8c4fd7c454b14a4dab404ff5aed0635ff4,DaxLynch/gprofiler,master,145676311,13476297754,Run gProfiler tests x86,github,37.3978,922978069,"Build, test and deploy",machine.ci,CI/CD,ubuntu-latest,[],37.3388,-121.8916,San Jose,52.238.28.112,69.0,556009,2025-02-22 20:46:31+00:00,69.0,23.0
10107300000,EPYC_7763,fbb3cd8c4fd7c454b14a4dab404ff5aed0635ff4,DaxLynch/gprofiler,master,145676311,13476297754,Test container x86,github,37.0402,2218608855,"Build, test and deploy",machine.ci,CI/CD,ubuntu-latest,[],36.6676,-78.3875,Boydton,20.109.61.161,383.0,4504095,2025-02-22 20:47:00+00:00,382.0,22.0
10077500000,EPYC_7763,fbb3cd8c4fd7c454b14a4dab404ff5aed0635ff4,DaxLynch/gprofiler,master,145676311,13476297754,Test container x86,github,36.7222,2218898016,"Build, test and deploy",machine.ci,CI/CD,ubuntu-latest,[],41.8835,-87.6305,Chicago,172.183.131.49,383.0,4492765,2025-02-22 20:47:00+00:00,382.0,22.0
10367100000,EPYC_7763,fbb3cd8c4fd7c454b14a4dab404ff5aed0635ff4,DaxLynch/gprofiler,master,145676311,13476297754,Test container x86,github,37.5664,2261853030,"Build, test and deploy",machine.ci,CI/CD,ubuntu-latest,[],41.8835,-87.6305,Chicago,172.183.131.48,383.0,4615936,2025-02-22 20:47:00+00:00,382.0,22.0
77341300,EPYC_7763,95a16975bee025a833ff397f32f4d343b3cc47b4,DaxLynch/cve-bin-tool,main,138804487,13508831265,build pip wheel checkout,github,30.8167,18707319,Build pip wheel with Energy Measurement,machine.ci,CI/CD,ubuntu-latest,[],36.6676,-78.3875,Boydton,20.49.15.240,380.0,34727,2025-02-24 22:08:12+00:00,354.0,20.0
107938000,EPYC_7763,95a16975bee025a833ff397f32f4d343b3cc47b4,DaxLynch/cve-bin-tool,main,138804495,13508833179,Run gitlint,github,37.4791,23782830,Linting,machine.ci,CI/CD,ubuntu-latest,[],38.7095,-78.1539,Washington,20.42.51.123,380.0,47801,2025-02-24 22:08:22+00:00,354.0,20.0
116462000,EPYC_7763,95a16975bee025a833ff397f32f4d343b3cc47b4,DaxLynch/cve-bin-tool,main,138804495,13508833179,Run gitlint,github,40.7279,25215954,Linting,machine.ci,CI/CD,ubuntu-latest,[],38.7095,-78.1539,Washington,20.42.10.163,380.0,51451,2025-02-24 22:08:23+00:00,354.0,20.0
124397000,EPYC_7763,95a16975bee025a833ff397f32f4d343b3cc47b4,DaxLynch/cve-bin-tool,main,138804495,13508833179,Run gitlint,github,38.9404,26877037,Linting,machine.ci,CI/CD,ubuntu-latest,[],38.7095,-78.1539,Washington,20.42.10.175,380.0,54940,2025-02-24 22:08:22+00:00,354.0,20.0
122262000,EPYC_7763,95a16975bee025a833ff397f32f4d343b3cc47b4,DaxLynch/cve-bin-tool,main,138804495,13508833179,Run gitlint,github,34.1122,28194474,Linting,machine.ci,CI/CD,ubuntu-latest,[],36.6676,-78.3875,Boydton,20.57.79.185,380.0,54502,2025-02-24 22:08:21+00:00,354.0,20.0
123886000,EPYC_7763,95a16975bee025a833ff397f32f4d343b3cc47b4,DaxLynch/cve-bin-tool,main,138804495,13508833179,Run gitlint,github,35.7807,27820568,Linting,machine.ci,CI/CD,ubuntu-latest,[],38.7095,-78.1539,Washington,20.42.12.194,380.0,55014,2025-02-24 22:08:22+00:00,354.0,20.0
122099000,EPYC_7763,95a16975bee025a833ff397f32f4d343b3cc47b4,DaxLynch/cve-bin-tool,main,138804495,13508833179,Run gitlint,github,33.1485,28405989,Linting,machine.ci,CI/CD,ubuntu-latest,[],41.8835,-87.6305,Chicago,20.102.223.133,380.0,54503,2025-02-24 22:08:23+00:00,354.0,20.0
136937000,EPYC_7763,95a16975bee025a833ff397f32f4d343b3cc47b4,DaxLynch/cve-bin-tool,main,138804495,13508833179,Run gitlint,github,27.5669,33579689,Linting,machine.ci,CI/CD,ubuntu-latest,[],33.4532,-112.0748,Phoenix,20.169.14.39,143.0,29162,2025-02-24 22:08:23+00:00,138.0,22.0
139062000,EPYC_7763,95a16975bee025a833ff397f32f4d343b3cc47b4,DaxLynch/cve-bin-tool,main,138804495,13508833179,Run gitlint,github,13.8741,38709002,Linting,machine.ci,CI/CD,ubuntu-latest,[],37.3388,-121.8916,San Jose,52.234.42.8,76.0,21613,2025-02-24 22:08:23+00:00,69.0,22.0
99676900,EPYC_7763,95a16975bee025a833ff397f32f4d343b3cc47b4,DaxLynch/cve-bin-tool,main,138804499,13508835705,build docs,github,26.8367,25114852,Testing,machine.ci,CI/CD,ubuntu-latest,[],41.8835,-87.6305,Chicago,20.25.205.241,380.0,45041,2025-02-24 22:08:37+00:00,354.0,20.0
7832130,EPYC_7763,ab72270f96c460700a04703f67b4ae9ccae02019,greatcomet1812/open-amt-cloud-toolkit,12/merge,143302614,13508856109,Dependency Review Scan,github,19.225,2973593,Dependency Review,machine.ci,CI/CD,ubuntu-latest,[],41.8835,-87.6305,Chicago,20.25.192.36,380.0,3823,2025-02-24 22:09:52+00:00,354.0,20.0
17622300,EPYC_7763,ab72270f96c460700a04703f67b4ae9ccae02019,greatcomet1812/open-amt-cloud-toolkit,12/merge,143302618,13508856097,Validate PR and Commits,github,31.26,4187972,Semantic Pull Request,machine.ci,CI/CD,ubuntu-latest,[],41.8835,-87.6305,Chicago,20.25.192.37,380.0,7891,2025-02-24 22:10:04+00:00,354.0,20.0
2160340000,EPYC_7763,95a16975bee025a833ff397f32f4d343b3cc47b4,DaxLynch/cve-bin-tool,main,138804499,13508835705,Synchronous tests measurement,github,39.5765,454429041,Testing,machine.ci,CI/CD,ubuntu-latest,[],37.3388,-121.8916,San Jose,52.234.38.17,76.0,293840,2025-02-24 22:08:42+00:00,69.0,22.0
9272090000,EPYC_7763,fbb3cd8c4fd7c454b14a4dab404ff5aed0635ff4,DaxLynch/gprofiler,master,145676311,13508655015,Build gProfiler executable x86,github,92.639,1230939801,"Build, test and deploy",machine.ci,CI/CD,ubuntu-latest,[],36.6676,-78.3875,Boydton,20.161.78.106,367.0,3754061,2025-02-24 21:57:15+00:00,354.0,21.0
9203660000,EPYC_7763,fbb3cd8c4fd7c454b14a4dab404ff5aed0635ff4,DaxLynch/gprofiler,master,145676311,13508656133,Build gProfiler executable x86,github,91.5414,1231832506,"Build, test and deploy",machine.ci,CI/CD,ubuntu-latest,[],36.6676,-78.3875,Boydton,172.200.199.150,367.0,3729201,2025-02-24 21:57:19+00:00,354.0,21.0
109282000,EPYC_7763,fbb3cd8c4fd7c454b14a4dab404ff5aed0635ff4,DaxLynch/gprofiler,master,145676311,13508655015,Build container x86,github,32.242,26063554,"Build, test and deploy",machine.ci,CI/CD,ubuntu-latest,[],41.8835,-87.6305,Chicago,172.183.111.67,380.0,48962,2025-02-24 22:18:01+00:00,354.0,20.0
9652060000,EPYC_7763,fbb3cd8c4fd7c454b14a4dab404ff5aed0635ff4,DaxLynch/gprofiler,master,145676311,13476297754,Build gProfiler executable x86,github,92.5237,1285502546,"Build, test and deploy",machine.ci,CI/CD,ubuntu-latest,[],41.8835,-87.6305,Chicago,172.214.173.190,367.0,3909076,2025-02-24 21:57:04+00:00,354.0,21.0
94952900,EPYC_7763,fbb3cd8c4fd7c454b14a4dab404ff5aed0635ff4,DaxLynch/gprofiler,master,145676311,13508656133,Build container x86,github,35.3848,22335723,"Build, test and deploy",machine.ci,CI/CD,ubuntu-latest,[],36.6676,-78.3875,Boydton,172.206.110.241,380.0,42455,2025-02-24 22:18:44+00:00,354.0,20.0
89587000,EPYC_7763,fbb3cd8c4fd7c454b14a4dab404ff5aed0635ff4,DaxLynch/gprofiler,master,145676311,13476297754,Build container x86,github,34.2665,21208232,"Build, test and deploy",machine.ci,CI/CD,ubuntu-latest,[],41.8835,-87.6305,Chicago,172.183.159.69,380.0,40094,2025-02-24 22:19:17+00:00,354.0,20.0
7995030,EPYC_7763,4c6538a51f942cb355a4af698bca9d45c2d3c1b6,greatcomet1812/open-amt-cloud-toolkit,12/merge,143302614,13509176542,Dependency Review Scan,github,21.33,2848673,Dependency Review,machine.ci,CI/CD,ubuntu-latest,[],38.7095,-78.1539,Washington,20.42.51.120,380.0,3851,2025-02-24 22:29:48+00:00,354.0,20.0
18362700,EPYC_7763,4c6538a51f942cb355a4af698bca9d45c2d3c1b6,greatcomet1812/open-amt-cloud-toolkit,12/merge,143302618,13509176540,Validate PR and Commits,github,34.27,4137743,Semantic Pull Request,machine.ci,CI/CD,ubuntu-latest,[],38.7095,-78.1539,Washington,20.42.51.118,380.0,8158,2025-02-24 22:30:01+00:00,354.0,20.0
4025310000,EPYC_7763,fbb3cd8c4fd7c454b14a4dab404ff5aed0635ff4,DaxLynch/gprofiler,master,145676311,13508655015,Run gProfiler tests x86,github,37.85,872747366,"Build, test and deploy",machine.ci,CI/CD,ubuntu-latest,[],41.8835,-87.6305,Chicago,172.183.49.176,380.0,1778625,2025-02-24 22:18:01+00:00,354.0,20.0
4006870000,EPYC_7763,fbb3cd8c4fd7c454b14a4dab404ff5aed0635ff4,DaxLynch/gprofiler,master,145676311,13508655015,Run gProfiler tests x86,github,36.3812,880534670,"Build, test and deploy",machine.ci,CI/CD,ubuntu-latest,[],33.4532,-112.0748,Phoenix,20.172.29.161,143.0,824209,2025-02-24 22:18:03+00:00,138.0,22.0
4044460000,EPYC_7763,fbb3cd8c4fd7c454b14a4dab404ff5aed0635ff4,DaxLynch/gprofiler,master,145676311,13508655015,Run gProfiler tests x86,github,36.8597,885356745,"Build, test and deploy",machine.ci,CI/CD,ubuntu-latest,[],37.3388,-121.8916,San Jose,13.91.68.96,76.0,559984,2025-02-24 22:18:03+00:00,69.0,22.0
4064670000,EPYC_7763,fbb3cd8c4fd7c454b14a4dab404ff5aed0635ff4,DaxLynch/gprofiler,master,145676311,13508655015,Run gProfiler tests x86,github,37.0956,887046945,"Build, test and deploy",machine.ci,CI/CD,ubuntu-latest,[],37.3388,-121.8916,San Jose,13.83.123.193,76.0,562002,2025-02-24 22:18:03+00:00,69.0,22.0
4096560000,EPYC_7763,fbb3cd8c4fd7c454b14a4dab404ff5aed0635ff4,DaxLynch/gprofiler,master,145676311,13508655015,Run gProfiler tests x86,github,37.5516,890222678,"Build, test and deploy",machine.ci,CI/CD,ubuntu-latest,[],37.3388,-121.8916,San Jose,52.238.31.64,76.0,565330,2025-02-24 22:18:03+00:00,69.0,22.0
4079190000,EPYC_7763,fbb3cd8c4fd7c454b14a4dab404ff5aed0635ff4,DaxLynch/gprofiler,master,145676311,13508655015,Run gProfiler tests x86,github,37.006,891291928,"Build, test and deploy",machine.ci,CI/CD,ubuntu-latest,[],37.3388,-121.8916,San Jose,52.234.38.96,76.0,564315,2025-02-24 22:18:04+00:00,69.0,22.0
4146040000,EPYC_7763,fbb3cd8c4fd7c454b14a4dab404ff5aed0635ff4,DaxLynch/gprofiler,master,145676311,13508655015,Run gProfiler tests x86,github,37.7534,900213386,"Build, test and deploy",machine.ci,CI/CD,ubuntu-latest,[],36.6676,-78.3875,Boydton,74.249.14.112,380.0,1832337,2025-02-24 22:18:01+00:00,354.0,20.0
4138300000,EPYC_7763,fbb3cd8c4fd7c454b14a4dab404ff5aed0635ff4,DaxLynch/gprofiler,master,145676311,13508655015,Run gProfiler tests x86,github,37.0578,904100394,"Build, test and deploy",machine.ci,CI/CD,ubuntu-latest,[],37.3388,-121.8916,San Jose,52.238.31.65,76.0,572463,2025-02-24 22:18:03+00:00,69.0,22.0
4018230000,EPYC_7763,fbb3cd8c4fd7c454b14a4dab404ff5aed0635ff4,DaxLynch/gprofiler,master,145676311,13508655015,Run gProfiler tests x86,github,37.3011,875698167,"Build, test and deploy",machine.ci,CI/CD,ubuntu-latest,[],41.8835,-87.6305,Chicago,172.183.98.65,380.0,1776776,2025-02-24 22:18:38+00:00,354.0,20.0
4290380000,EPYC_7763,fbb3cd8c4fd7c454b14a4dab404ff5aed0635ff4,DaxLynch/gprofiler,master,145676311,13508655015,Run gProfiler tests x86,github,37.3517,935173080,"Build, test and deploy",machine.ci,CI/CD,ubuntu-latest,[],33.4532,-112.0748,Phoenix,20.171.122.50,143.0,880341,2025-02-24 22:18:09+00:00,138.0,22.0
4202970000,EPYC_7763,fbb3cd8c4fd7c454b14a4dab404ff5aed0635ff4,DaxLynch/gprofiler,master,145676311,13508655015,Run gProfiler tests x86,github,37.6094,914661668,"Build, test and deploy",machine.ci,CI/CD,ubuntu-latest,[],41.8835,-87.6305,Chicago,172.183.78.48,380.0,1858093,2025-02-24 22:20:00+00:00,354.0,20.0
4000820000,EPYC_7763,fbb3cd8c4fd7c454b14a4dab404ff5aed0635ff4,DaxLynch/gprofiler,master,145676311,13508655015,Run gProfiler tests x86,github,37.5834,870163719,"Build, test and deploy",machine.ci,CI/CD,ubuntu-latest,[],38.7095,-78.1539,Washington,40.76.183.64,380.0,1768580,2025-02-24 22:26:25+00:00,354.0,20.0
3998360000,EPYC_7763,fbb3cd8c4fd7c454b14a4dab404ff5aed0635ff4,DaxLynch/gprofiler,master,145676311,13508655015,Run gProfiler tests x86,github,37.3908,870425850,"Build, test and deploy",machine.ci,CI/CD,ubuntu-latest,[],36.6676,-78.3875,Boydton,20.161.78.112,380.0,1767722,2025-02-24 22:26:28+00:00,354.0,20.0
4456040000,EPYC_7763,fbb3cd8c4fd7c454b14a4dab404ff5aed0635ff4,DaxLynch/gprofiler,master,145676311,13508655015,Run gProfiler tests x86,github,38.8604,954315546,"Build, test and deploy",machine.ci,CI/CD,ubuntu-latest,[],37.3388,-121.8916,San Jose,52.234.38.145,76.0,610939,2025-02-24 22:26:29+00:00,69.0,22.0
3809040000,EPYC_7763,fbb3cd8c4fd7c454b14a4dab404ff5aed0635ff4,DaxLynch/gprofiler,master,145676311,13508656133,Run gProfiler tests x86,github,37.3901,828164401,"Build, test and deploy",machine.ci,CI/CD,ubuntu-latest,[],36.6676,-78.3875,Boydton,20.161.78.64,380.0,1683720,2025-02-24 22:28:45+00:00,354.0,20.0
4046160000,EPYC_7763,fbb3cd8c4fd7c454b14a4dab404ff5aed0635ff4,DaxLynch/gprofiler,master,145676311,13508656133,Run gProfiler tests x86,github,37.2653,883062448,"Build, test and deploy",machine.ci,CI/CD,ubuntu-latest,[],38.7095,-78.1539,Washington,20.83.174.50,380.0,1789490,2025-02-24 22:28:25+00:00,354.0,20.0
3930640000,EPYC_7763,fbb3cd8c4fd7c454b14a4dab404ff5aed0635ff4,DaxLynch/gprofiler,master,145676311,13508656133,Run gProfiler tests x86,github,37.7536,853153283,"Build, test and deploy",machine.ci,CI/CD,ubuntu-latest,[],38.7095,-78.1539,Washington,20.42.106.34,380.0,1737058,2025-02-24 22:30:05+00:00,354.0,20.0
4147510000,EPYC_7763,fbb3cd8c4fd7c454b14a4dab404ff5aed0635ff4,DaxLynch/gprofiler,master,145676311,13508656133,Run gProfiler tests x86,github,37.0947,905859521,"Build, test and deploy",machine.ci,CI/CD,ubuntu-latest,[],33.4532,-112.0748,Phoenix,20.172.5.193,143.0,851548,2025-02-24 22:29:39+00:00,138.0,22.0
4074530000,EPYC_7763,fbb3cd8c4fd7c454b14a4dab404ff5aed0635ff4,DaxLynch/gprofiler,master,145676311,13508656133,Run gProfiler tests x86,github,37.1842,888573295,"Build, test and deploy",machine.ci,CI/CD,ubuntu-latest,[],37.3388,-121.8916,San Jose,138.91.71.2,76.0,563185,2025-02-24 22:30:07+00:00,69.0,22.0
4192420000,EPYC_7763,fbb3cd8c4fd7c454b14a4dab404ff5aed0635ff4,DaxLynch/gprofiler,master,145676311,13508656133,Run gProfiler tests x86,github,37.1441,915586629,"Build, test and deploy",machine.ci,CI/CD,ubuntu-latest,[],37.3388,-121.8916,San Jose,52.234.38.144,76.0,579854,2025-02-24 22:30:07+00:00,69.0,22.0
3933790000,EPYC_7763,fbb3cd8c4fd7c454b14a4dab404ff5aed0635ff4,DaxLynch/gprofiler,master,145676311,13508656133,Run gProfiler tests x86,github,37.4535,856349360,"Build, test and deploy",machine.ci,CI/CD,ubuntu-latest,[],38.7095,-78.1539,Washington,20.55.86.160,380.0,1739168,2025-02-24 22:33:04+00:00,354.0,20.0
3933110000,EPYC_7763,fbb3cd8c4fd7c454b14a4dab404ff5aed0635ff4,DaxLynch/gprofiler,master,145676311,13508656133,Run gProfiler tests x86,github,37.3105,857283181,"Build, test and deploy",machine.ci,CI/CD,ubuntu-latest,[],36.6676,-78.3875,Boydton,68.154.30.85,380.0,1739175,2025-02-24 22:33:07+00:00,354.0,20.0
3997890000,EPYC_7763,fbb3cd8c4fd7c454b14a4dab404ff5aed0635ff4,DaxLynch/gprofiler,master,145676311,13508656133,Run gProfiler tests x86,github,37.4386,869782083,"Build, test and deploy",machine.ci,CI/CD,ubuntu-latest,[],36.6676,-78.3875,Boydton,20.75.95.225,380.0,1767358,2025-02-24 22:33:05+00:00,354.0,20.0
4007210000,EPYC_7763,fbb3cd8c4fd7c454b14a4dab404ff5aed0635ff4,DaxLynch/gprofiler,master,145676311,13508656133,Run gProfiler tests x86,github,37.8071,869560698,"Build, test and deploy",machine.ci,CI/CD,ubuntu-latest,[],38.7095,-78.1539,Washington,20.51.197.82,380.0,1770837,2025-02-24 22:33:11+00:00,354.0,20.0
3993490000,EPYC_7763,fbb3cd8c4fd7c454b14a4dab404ff5aed0635ff4,DaxLynch/gprofiler,master,145676311,13508656133,Run gProfiler tests x86,github,36.9949,874337171,"Build, test and deploy",machine.ci,CI/CD,ubuntu-latest,[],41.8835,-87.6305,Chicago,172.183.89.1,380.0,1766987,2025-02-24 22:33:14+00:00,354.0,20.0
4024250000,EPYC_7763,fbb3cd8c4fd7c454b14a4dab404ff5aed0635ff4,DaxLynch/gprofiler,master,145676311,13508656133,Run gProfiler tests x86,github,37.8623,872249111,"Build, test and deploy",machine.ci,CI/CD,ubuntu-latest,[],38.7095,-78.1539,Washington,20.55.46.225,380.0,1778079,2025-02-24 22:33:22+00:00,354.0,20.0
4149750000,EPYC_7763,fbb3cd8c4fd7c454b14a4dab404ff5aed0635ff4,DaxLynch/gprofiler,master,145676311,13508656133,Run gProfiler tests x86,github,37.8442,900033421,"Build, test and deploy",machine.ci,CI/CD,ubuntu-latest,[],41.8835,-87.6305,Chicago,172.183.131.224,380.0,1833695,2025-02-24 22:32:58+00:00,354.0,20.0
4068720000,EPYC_7763,fbb3cd8c4fd7c454b14a4dab404ff5aed0635ff4,DaxLynch/gprofiler,master,145676311,13508656133,Run gProfiler tests x86,github,37.1089,888551818,"Build, test and deploy",machine.ci,CI/CD,ubuntu-latest,[],37.3388,-121.8916,San Jose,52.234.33.192,76.0,562738,2025-02-24 22:33:28+00:00,69.0,22.0
3970490000,EPYC_7763,fbb3cd8c4fd7c454b14a4dab404ff5aed0635ff4,DaxLynch/gprofiler,master,145676311,13476297754,Run gProfiler tests x86,github,37.4015,864247072,"Build, test and deploy",machine.ci,CI/CD,ubuntu-latest,[],38.7095,-78.1539,Washington,20.55.15.0,380.0,1755368,2025-02-24 22:41:10+00:00,354.0,20.0
3782190000,EPYC_7763,fbb3cd8c4fd7c454b14a4dab404ff5aed0635ff4,DaxLynch/gprofiler,master,145676311,13476297754,Run gProfiler tests x86,github,37.4958,822333481,"Build, test and deploy",machine.ci,CI/CD,ubuntu-latest,[],36.6676,-78.3875,Boydton,74.249.14.113,380.0,1671854,2025-02-24 22:42:38+00:00,354.0,20.0
3998590000,EPYC_7763,fbb3cd8c4fd7c454b14a4dab404ff5aed0635ff4,DaxLynch/gprofiler,master,145676311,13476297754,Run gProfiler tests x86,github,37.7129,868468214,"Build, test and deploy",machine.ci,CI/CD,ubuntu-latest,[],36.6676,-78.3875,Boydton,20.75.95.115,380.0,1767250,2025-02-24 22:43:19+00:00,354.0,20.0
4252040000,EPYC_7763,fbb3cd8c4fd7c454b14a4dab404ff5aed0635ff4,DaxLynch/gprofiler,master,145676311,13476297754,Run gProfiler tests x86,github,37.072,928877793,"Build, test and deploy",machine.ci,CI/CD,ubuntu-latest,[],37.3388,-121.8916,San Jose,52.238.31.64,76.0,588177,2025-02-24 22:42:41+00:00,69.0,22.0
4050250000,EPYC_7763,fbb3cd8c4fd7c454b14a4dab404ff5aed0635ff4,DaxLynch/gprofiler,master,145676311,13476297754,Run gProfiler tests x86,github,37.2246,883733543,"Build, test and deploy",machine.ci,CI/CD,ubuntu-latest,[],37.3388,-121.8916,San Jose,52.234.38.50,76.0,559959,2025-02-24 22:44:31+00:00,69.0,22.0
4007560000,EPYC_7763,fbb3cd8c4fd7c454b14a4dab404ff5aed0635ff4,DaxLynch/gprofiler,master,145676311,13476297754,Run gProfiler tests x86,github,37.689,869623023,"Build, test and deploy",machine.ci,CI/CD,ubuntu-latest,[],41.8835,-87.6305,Chicago,20.102.198.2,380.0,1770987,2025-02-24 22:44:59+00:00,354.0,20.0
4063900000,EPYC_7763,fbb3cd8c4fd7c454b14a4dab404ff5aed0635ff4,DaxLynch/gprofiler,master,145676311,13476297754,Run gProfiler tests x86,github,37.399,885539707,"Build, test and deploy",machine.ci,CI/CD,ubuntu-latest,[],41.8835,-87.6305,Chicago,172.183.91.128,380.0,1796938,2025-02-24 22:45:12+00:00,354.0,20.0
4049090000,EPYC_7763,fbb3cd8c4fd7c454b14a4dab404ff5aed0635ff4,DaxLynch/gprofiler,master,145676311,13476297754,Run gProfiler tests x86,github,37.5705,879950883,"Build, test and deploy",machine.ci,CI/CD,ubuntu-latest,[],41.8835,-87.6305,Chicago,172.183.131.112,380.0,1789716,2025-02-24 22:45:37+00:00,354.0,20.0
3926800000,EPYC_7763,fbb3cd8c4fd7c454b14a4dab404ff5aed0635ff4,DaxLynch/gprofiler,master,145676311,13476297754,Run gProfiler tests x86,github,37.3711,855644800,"Build, test and deploy",machine.ci,CI/CD,ubuntu-latest,[],38.7095,-78.1539,Washington,52.191.73.0,380.0,1736309,2025-02-24 22:47:32+00:00,354.0,20.0
3987750000,EPYC_7763,fbb3cd8c4fd7c454b14a4dab404ff5aed0635ff4,DaxLynch/gprofiler,master,145676311,13476297754,Run gProfiler tests x86,github,37.8458,865150993,"Build, test and deploy",machine.ci,CI/CD,ubuntu-latest,[],38.7095,-78.1539,Washington,20.55.46.224,380.0,1762184,2025-02-24 22:47:48+00:00,354.0,20.0
3970200000,EPYC_7763,fbb3cd8c4fd7c454b14a4dab404ff5aed0635ff4,DaxLynch/gprofiler,master,145676311,13476297754,Run gProfiler tests x86,github,37.651,861948437,"Build, test and deploy",machine.ci,CI/CD,ubuntu-latest,[],36.6676,-78.3875,Boydton,20.161.78.64,380.0,1754602,2025-02-24 22:48:07+00:00,354.0,20.0
4007880000,EPYC_7763,fbb3cd8c4fd7c454b14a4dab404ff5aed0635ff4,DaxLynch/gprofiler,master,145676311,13476297754,Run gProfiler tests x86,github,37.8093,869661675,"Build, test and deploy",machine.ci,CI/CD,ubuntu-latest,[],38.7095,-78.1539,Washington,4.246.134.208,380.0,1771120,2025-02-24 22:48:00+00:00,354.0,20.0
4248520000,EPYC_7763,fbb3cd8c4fd7c454b14a4dab404ff5aed0635ff4,DaxLynch/gprofiler,master,145676311,13476297754,Run gProfiler tests x86,github,37.5005,923801089,"Build, test and deploy",machine.ci,CI/CD,ubuntu-latest,[],37.3388,-121.8916,San Jose,52.234.38.48,70.0,560969,2025-02-24 22:47:50+00:00,69.0,22.0
4349430000,EPYC_7763,fbb3cd8c4fd7c454b14a4dab404ff5aed0635ff4,DaxLynch/gprofiler,master,145676311,13476297754,Run gProfiler tests x86,github,37.7826,943830928,"Build, test and deploy",machine.ci,CI/CD,ubuntu-latest,[],37.3388,-121.8916,San Jose,52.238.31.2,70.0,573747,2025-02-24 22:47:38+00:00,69.0,22.0
10487000000,EPYC_7763,fbb3cd8c4fd7c454b14a4dab404ff5aed0635ff4,DaxLynch/gprofiler,master,145676311,13508655015,Test container x86,github,37.9011,2283554674,"Build, test and deploy",machine.ci,CI/CD,ubuntu-latest,[],36.6676,-78.3875,Boydton,74.249.14.128,380.0,4636588,2025-02-24 22:33:59+00:00,354.0,20.0
7957410,EPYC_7763,2e7b043fb3fdef118b32cb967d8935746b1e3758,greatcomet1812/open-amt-cloud-toolkit,12/merge,143302614,13509820360,Dependency Review Scan,github,21.515,2917291,Dependency Review,machine.ci,CI/CD,ubuntu-latest,[],41.8835,-87.6305,Chicago,20.25.193.14,341.0,3546,2025-02-24 23:14:10+00:00,341.0,24.0
13212900,EPYC_7763,2e7b043fb3fdef118b32cb967d8935746b1e3758,greatcomet1812/open-amt-cloud-toolkit,12/merge,143302618,13509820362,Validate PR and Commits,github,32.0533,3850212,Semantic Pull Request,machine.ci,CI/CD,ubuntu-latest,[],41.8835,-87.6305,Chicago,20.88.47.160,341.0,5603,2025-02-24 23:14:22+00:00,341.0,24.0
10108900000,EPYC_7763,fbb3cd8c4fd7c454b14a4dab404ff5aed0635ff4,DaxLynch/gprofiler,master,145676311,13508655015,Test container x86,github,36.8082,2224019465,"Build, test and deploy",machine.ci,CI/CD,ubuntu-latest,[],38.7095,-78.1539,Washington,20.55.46.226,380.0,4475925,2025-02-24 22:41:07+00:00,354.0,20.0
10542300000,EPYC_7763,fbb3cd8c4fd7c454b14a4dab404ff5aed0635ff4,DaxLynch/gprofiler,master,145676311,13508656133,Test container x86,github,36.4272,2327207362,"Build, test and deploy",machine.ci,CI/CD,ubuntu-latest,[],33.4532,-112.0748,Phoenix,20.172.5.192,143.0,2171534,2025-02-24 22:48:14+00:00,138.0,22.0
10588300000,EPYC_7763,fbb3cd8c4fd7c454b14a4dab404ff5aed0635ff4,DaxLynch/gprofiler,master,145676311,13508656133,Test container x86,github,38.9038,2275160519,"Build, test and deploy",machine.ci,CI/CD,ubuntu-latest,[],38.7095,-78.1539,Washington,20.84.127.64,380.0,4672688,2025-02-24 22:55:46+00:00,354.0,20.0
10150900000,EPYC_7763,fbb3cd8c4fd7c454b14a4dab404ff5aed0635ff4,DaxLynch/gprofiler,master,145676311,13476297754,Test container x86,github,37.8874,2209339984,"Build, test and deploy",machine.ci,CI/CD,ubuntu-latest,[],38.7095,-78.1539,Washington,20.84.127.0,380.0,4487697,2025-02-24 22:58:01+00:00,354.0,20.0
10636600000,EPYC_7763,fbb3cd8c4fd7c454b14a4dab404ff5aed0635ff4,DaxLynch/gprofiler,master,145676311,13476297754,Test container x86,github,38.0695,2308259081,"Build, test and deploy",machine.ci,CI/CD,ubuntu-latest,[],41.8835,-87.6305,Chicago,172.183.54.2,380.0,4700486,2025-02-24 22:56:33+00:00,354.0,20.0
10794500000,EPYC_7763,fbb3cd8c4fd7c454b14a4dab404ff5aed0635ff4,DaxLynch/gprofiler,master,145676311,13476297754,Test container x86,github,38.645,2326067796,"Build, test and deploy",machine.ci,CI/CD,ubuntu-latest,[],41.8835,-87.6305,Chicago,172.183.132.50,380.0,4765569,2025-02-24 22:58:01+00:00,354.0,20.0
500847000,EPYC_7763,95a16975bee025a833ff397f32f4d343b3cc47b4,DaxLynch/cve-bin-tool,main,138804488,13557348663,Perform CodeQL Analysis,github,62.1678,86415126,CodeQL,machine.ci,CI/CD,ubuntu-latest,[],36.6676,-78.3875,Boydton,172.200.183.147,449.0,249537,2025-02-27 02:08:10+00:00,376.0,13.0
3579030000,EPYC_7763,95a16975bee025a833ff397f32f4d343b3cc47b4,DaxLynch/cve-bin-tool,main,138804488,13557348663,Perform CodeQL Analysis,github,33.1445,810436013,CodeQL,machine.ci,CI/CD,ubuntu-latest,[],37.3388,-121.8916,San Jose,52.234.33.235,232.0,1061564,2025-02-27 02:08:13+00:00,78.0,15.0
